Date,Close,High,Low,Open,Volume,Previous_Close,Close_Shifted,Open_Shifted,High_Shifted,Low_Shifted,RSI,SMA_50,EMA_20,MACD,MACD_signal,MACD_histogram,Signal
2024-03-14,31.361875534057617,31.626987017805508,31.18513329634238,31.18513329634238,6947300,31.175315856933594,31.175315856933594,31.126221620462154,31.371696548469505,30.81201213943968,67.07400136666693,29.686857795715333,29.773475245672724,0.3373824019081866,0.0423271085839962,0.2950552933241904,1
2024-03-15,31.734996795654297,31.862644800574582,31.342237305178372,31.352056526543393,15268100,31.361875534057617,31.361875534057617,31.18513329634238,31.626987017805508,31.18513329634238,68.44508380397771,29.652593154907226,29.924751463614143,0.4152233459694088,0.11690635606107871,0.2983169899083301,1
2024-03-18,31.803728103637695,31.951014544949214,31.499341618546932,31.901920313061975,5899400,31.734996795654297,31.734996795654297,31.352056526543393,31.862644800574582,31.342237305178372,71.04228613284039,29.62598602294922,30.0971557809513,0.5012426096664591,0.19377360678215477,0.3074690028843043,1
2024-03-19,32.618709564208984,32.71689803694712,31.82336945068954,31.82336945068954,6548000,31.803728103637695,31.803728103637695,31.901920313061975,31.951014544949214,31.499341618546932,71.50750627407429,29.61381587982178,30.259686478350005,0.5684072925768824,0.2687003439411003,0.29970694863578207,1
2024-03-20,32.78562927246094,32.94273306931006,32.36341211611954,32.491060121575075,7429500,32.618709564208984,32.618709564208984,31.82336945068954,32.71689803694712,31.82336945068954,76.35772482269282,29.614631004333496,30.484355343669908,0.6795643852437081,0.3508731522016219,0.3286912330420862,1
2024-03-21,33.14893341064453,33.51223900951893,32.765993113239304,32.844546889963574,6084300,32.78562927246094,32.78562927246094,32.491060121575075,32.94273306931006,32.36341211611954,77.21329748693837,29.637890701293944,30.70352428926905,0.7722244843133836,0.4351434186239743,0.3370810656894093,1
2024-03-22,32.83472442626953,33.29621848116077,32.81508598290713,33.198030009998845,6636500,33.14893341064453,33.14893341064453,32.844546889963574,33.51223900951893,32.765993113239304,78.99500959369892,29.684403228759766,30.936420396066715,0.8650026756981362,0.5211152700388068,0.3438874056593294,1
2024-03-25,32.687442779541016,33.158754198572474,32.638348542367986,33.031106185402436,10277000,32.83472442626953,32.83472442626953,33.198030009998845,33.29621848116077,32.81508598290713,73.63260991345835,29.732235107421875,31.117211256086033,0.9027694573662686,0.5974461075042992,0.3053233498619694,1
2024-03-26,32.23576736450195,32.74635188723428,32.10811936099391,32.66780186283312,8057600,32.687442779541016,32.687442779541016,33.031106185402436,33.158754198572474,32.638348542367986,71.19304809568064,29.778291130065917,31.2667571154627,0.9103218819271603,0.6600212623888714,0.25030061953828897,1
2024-03-27,32.49106216430664,32.61871017778748,32.08848342546728,32.08848342546728,9346600,32.23576736450195,32.23576736450195,32.66780186283312,32.74635188723428,32.10811936099391,64.17130393773742,29.808489990234374,31.35904380584739,0.869833897897081,0.7019837894905133,0.16785010840656767,1
2024-03-28,32.89364242553711,33.080202034143326,32.52051946267428,32.83472709066917,13250300,32.49106216430664,32.49106216430664,32.08848342546728,32.61871017778748,32.08848342546728,66.2004730188614,29.860366439819337,31.466855078081604,0.8485653030101012,0.7313000921944309,0.11726521081567032,1
2024-04-01,32.83472442626953,33.07038200096827,32.64816483280184,33.07038200096827,6485200,32.89364242553711,32.89364242553711,32.83472709066917,33.080202034143326,32.52051946267428,69.16606487129224,29.917954940795898,31.602739587363082,0.8543462788177791,0.7559093295191006,0.09843694929867852,1
2024-04-02,32.98200988769531,33.158752126996504,32.716896528743526,33.099836798679455,7867400,32.83472442626953,32.83472442626953,33.07038200096827,33.07038200096827,32.64816483280184,68.22263538445358,29.972805404663085,31.720071476782746,0.8444393821008198,0.7736153400354445,0.07082404206537529,1
2024-04-03,33.26676559448242,33.53187898455489,33.09984068414772,33.178394464458265,7584300,32.98200988769531,32.98200988769531,33.099836798679455,33.158752126996504,32.716896528743526,69.34819625548026,30.03391586303711,31.840256087345846,0.8388035951901465,0.7866529910663849,0.0521506041237616,1
2024-04-04,33.30603790283203,33.69879930322357,33.08020140858451,33.30603790283203,6014100,33.26676559448242,33.26676559448242,33.178394464458265,33.53187898455489,33.09984068414772,71.45343885123593,30.095262565612792,31.97611413564457,0.847544632252383,0.7988313193035845,0.04871331294879844,1
2024-04-05,33.68898391723633,33.993370461912406,33.080203336583125,33.26676669818514,5151100,33.30603790283203,33.30603790283203,33.30603790283203,33.69879930322357,33.08020140858451,71.74170309247462,30.146671867370607,32.10277354204337,0.8478672285398332,0.8086385011508342,0.03922872738899896,1
2024-04-08,33.63006591796875,33.89517929585121,33.531877442745724,33.77735237645353,4433800,33.68898391723633,33.68898391723633,33.26676669818514,33.993370461912406,33.080203336583125,74.45094408729946,30.234789237976074,32.25384119682366,0.8690060703296041,0.8207120149865883,0.048294055343015785,1
2024-04-09,33.57114791870117,33.88535550923588,33.394405680819155,33.75771125071548,3373000,33.63006591796875,33.63006591796875,33.77735237645353,33.89517929585121,33.531877442745724,73.28675831658362,30.3166593170166,32.38491021788509,0.8709646265443496,0.8307625372981406,0.04020208924620894,1
2024-04-10,33.53187561035156,33.64970252331043,33.10965844779475,33.276579595682314,4281500,33.57114791870117,33.57114791870117,33.75771125071548,33.88535550923588,33.394405680819155,72.07306282365761,30.393841705322266,32.497885237010436,0.8578735737619709,0.8361847445909067,0.021688829171064183,1
2024-04-11,33.37477111816406,33.65951917309771,32.92309442750906,33.64970182457584,3724000,33.53187561035156,33.53187561035156,33.276579595682314,33.64970252331043,33.10965844779475,71.22632706975895,30.47959674835205,32.596360510661974,0.8347078801893488,0.8358893717105952,-0.0011814915212463584,0
2024-04-12,32.451786041259766,33.60061069837027,32.412509152239686,33.47296268188015,4841000,33.37477111816406,33.37477111816406,33.64970182457584,33.65951917309771,32.92309442750906,67.79502010545272,30.575077171325685,32.6704948542336,0.7945132276694622,0.8276141429023687,-0.03310091523290648,0
2024-04-15,31.862648010253906,32.78563243764279,31.74482108765434,32.628528625626586,7537400,32.451786041259766,32.451786041259766,33.47296268188015,33.60061069837027,32.412509152239686,51.958314715781945,30.66847454071045,32.64966544347419,0.6803389698148621,0.7981591082848674,-0.11782013847000528,0
2024-04-16,31.518978118896484,31.8331857157395,31.352056971795513,31.784091481042157,5852400,31.862648010253906,31.862648010253906,32.628528625626586,32.78563243764279,31.74482108765434,44.76951339868744,30.747554664611815,32.574711402215115,0.5361362870301392,0.7457545440339217,-0.20961825700378256,0
2024-04-17,31.4404296875,31.960835343862318,31.381514355484374,31.607350843068968,5613700,31.518978118896484,31.518978118896484,31.784091481042157,31.8331857157395,31.352056971795513,41.1894059351004,30.81274280548096,32.47416537523239,0.3896318999306274,0.674530015213263,-0.28489811528263553,0
2024-04-18,31.617168426513672,31.98047023613645,31.420787753921704,31.518976217392794,5714100,31.4404296875,31.4404296875,31.607350843068968,31.960835343862318,31.381514355484374,40.39431886170709,30.880064277648927,32.37571435735311,0.2641430391580073,0.5924526200022119,-0.3283095808442046,0
2024-04-19,32.00992965698242,32.186671907798356,31.538618236690006,31.65644890100077,7513500,31.617168426513672,31.617168426513672,31.518976217392794,31.98047023613645,31.420787753921704,43.057757230793186,30.939417839050293,32.30347188774935,0.17691419534968844,0.5093449350717072,-0.33243073972201875,0
2024-04-22,31.87246322631836,32.157215037052865,31.302961477674394,31.813551641787143,4991600,32.00992965698242,32.00992965698242,31.65644890100077,32.186671907798356,31.538618236690006,48.55882985988672,31.011890525817872,32.27551548481917,0.13788777262729468,0.4350535025828247,-0.29716572995553003,0
2024-04-23,32.40269088745117,32.549977344290575,31.528800732517883,31.64662765059929,7404300,31.87246322631836,31.87246322631836,31.813551641787143,32.157215037052865,31.302961477674394,46.852745192021494,31.07771469116211,32.23712955543814,0.09477416180745735,0.3669976344277513,-0.27222347262029395,0
2024-04-24,32.07866287231445,33.168572188605076,31.744820554827513,32.16703399919343,11447000,32.40269088745117,32.40269088745117,31.64662765059929,32.549977344290575,31.528800732517883,53.62137338757548,31.159212341308592,32.25289730134414,0.10221300764516172,0.3140407090712334,-0.21182770142607166,0
2024-04-25,32.697261810302734,32.844548275046826,32.03939075792003,32.37323683177629,8729900,32.07866287231445,32.07866287231445,32.16703399919343,33.168572188605076,31.744820554827513,49.474629301266205,31.221464805603027,32.23630354619846,0.0810279539441936,0.26743815804582544,-0.18641020410163184,0
2024-04-26,32.24559020996094,32.62853054011643,31.852828784049866,32.51070361060333,8318500,32.697261810302734,32.697261810302734,32.37323683177629,32.844548275046826,32.03939075792003,56.40583733597806,31.30571186065674,32.28020433325601,0.1128535057394302,0.23652122758454638,-0.12366772184511618,0
2024-04-29,32.618709564208984,32.62852691322274,32.08848282186269,32.324136654694286,5156900,32.24559020996094,32.24559020996094,32.51070361060333,32.62853054011643,31.852828784049866,50.91380280349515,31.38406749725342,32.27690775008505,0.10047119209601618,0.20931122048684037,-0.10884002839082418,0
2024-04-30,32.029563903808594,32.500875262339314,31.911737000588342,32.45178103146836,9583200,32.618709564208984,32.618709564208984,32.324136654694286,32.62852691322274,32.08848282186269,54.82671877823116,31.463012237548828,32.309460303811136,0.11938948525448723,0.19132687344036975,-0.07193738818588252,0
2024-05-01,31.312780380249023,32.137576266130985,31.175315023543703,32.059026239006535,4941700,32.029563903808594,32.029563903808594,32.45178103146836,32.500875262339314,31.911737000588342,48.28206654891617,31.531156005859376,32.2828035038109,0.08585357125548398,0.17023221300339259,-0.0843786417479086,0
2024-05-02,31.35205841064453,31.774275590588648,31.185135383057904,31.548439104096474,5191200,31.312780380249023,31.312780380249023,32.059026239006535,32.137576266130985,31.175315023543703,41.75194787016757,31.586927909851074,32.190420349185956,0.0014212940634195093,0.13647002921539797,-0.13504873515197846,0
2024-05-03,31.54973793029785,31.697997599563625,31.193913215880816,31.450897522379343,3701600,31.35205841064453,31.35205841064453,31.548439104096474,31.774275590588648,31.185135383057904,42.21317034721218,31.637790336608887,32.11057635503916,-0.0616122573696245,0.09685357189839348,-0.158465829268018,0
2024-05-06,31.628808975219727,31.96486522139935,31.539852799159007,31.7375336093437,3131200,31.54973793029785,31.54973793029785,31.450897522379343,31.697997599563625,31.193913215880816,44.59113276923229,31.695355644226073,32.05716317173046,-0.09452607806568025,0.058577641905578744,-0.153103719971259,0
2024-05-07,31.76718521118164,31.8857921921001,31.500318561503125,31.52008513484022,7787200,31.628808975219727,31.628808975219727,31.7375336093437,31.96486522139935,31.539852799159007,45.55621629704517,31.740952186584472,32.01636753396753,-0.11292837755667762,0.024276438013127472,-0.1372048155698051,0
2024-05-08,31.529970169067383,32.10324228540592,31.47066667709416,31.559622857666003,6416500,31.76718521118164,31.76718521118164,31.52008513484022,31.8857921921001,31.500318561503125,47.28657285187072,31.79029815673828,31.992635884178398,-0.11502064035686033,-0.003582977660870089,-0.11143766269599023,0
2024-05-09,32.39976119995117,32.40964731457669,31.658460961852608,31.668347076478128,3817000,31.529970169067383,31.529970169067383,31.559622857666003,32.10324228540592,31.47066667709416,44.66580893034822,31.837256393432618,31.94857248273925,-0.1342722383278634,-0.029720829794268752,-0.10455140853359464,0
2024-05-10,31.96486473083496,32.53813492407996,31.836371640619713,32.468947207144325,4484000,32.39976119995117,32.39976119995117,31.668347076478128,32.40964731457669,31.658460961852608,54.601328633134386,31.906323547363282,31.991542836759436,-0.07844019167249883,-0.03946470216991477,-0.03897548950258406,0
2024-05-13,32.034053802490234,32.39976086039406,31.875909904171177,32.25150307659692,4209900,31.96486473083496,31.96486473083496,32.468947207144325,32.53813492407996,31.836371640619713,49.78767831322889,31.964532585144042,31.98900206476663,-0.06849582568485957,-0.045270926872903725,-0.023224898811955844,0
2024-05-14,32.251502990722656,32.39976077412504,32.00440291460407,32.18231527104529,3282600,32.034053802490234,32.034053802490234,32.25150307659692,32.39976086039406,31.875909904171177,50.534827216634056,32.01685939788818,31.993292706454593,-0.05440472039800426,-0.047097685577923834,-0.007307034820080424,-1
2024-05-15,32.54802322387695,32.557905568196624,31.500319400158276,32.221849304607304,6979200,32.251502990722656,32.251502990722656,32.18231527104529,32.39976077412504,32.00440291460407,52.90654175064809,32.08394329071045,32.01788416209917,-0.02539830983964464,-0.042757810430268,0.017359500590623363,0
2024-05-16,32.63697814941406,32.85442742056463,32.419528878263485,32.47883425324489,9974900,32.54802322387695,32.54802322387695,32.221849304607304,32.557905568196624,31.500319400158276,56.00434544619196,32.1424254989624,32.068373596554196,0.0212709855199833,-0.029952051240217742,0.05122303676020104,0
2024-05-17,33.071876525878906,33.16083271282268,32.44918698772077,32.67651862758858,5954600,32.63697814941406,32.63697814941406,32.47883425324489,32.85442742056463,32.419528878263485,56.91987138262628,32.19502796173096,32.122526411112275,0.06468896328880902,-0.011023848334412391,0.07571281162322141,0
2024-05-20,32.72593688964844,33.150949350847625,32.65674916530887,33.11141243109696,6124700,33.071876525878906,33.071876525878906,32.67651862758858,33.16083271282268,32.44918698772077,61.173782586429546,32.25102611541748,32.212940707756715,0.1326614492554441,0.01771321118355891,0.11494823807188519,0
2024-05-21,32.63697814941406,33.14106064018833,32.60732734714731,32.68639741000795,4517900,32.72593688964844,32.72593688964844,33.11141243109696,33.150949350847625,32.65674916530887,56.402784978114134,32.30462223052979,32.2617974869845,0.1568081103077148,0.045532191008390094,0.1112759192993247,0
2024-05-22,31.71776580810547,32.73581691153428,31.549737681536058,32.67651530656432,4717800,32.63697814941406,32.63697814941406,32.68639741000795,33.14106064018833,32.60732734714731,55.210342904225925,32.34269260406494,32.29752897864446,0.16684302375951177,0.06979435755861443,0.09704866620089733,0
2024-05-23,31.44101333618164,31.984634637866936,31.41136253342221,31.737534560343796,4517100,31.71776580810547,31.71776580810547,32.67651530656432,32.73581691153428,31.549737681536058,44.69531066153241,32.35864749908447,32.24231343859312,0.09947631021981351,0.07573074809085426,0.023745562128959258,0
2024-05-24,31.994516372680664,32.05382174751809,31.47066542485095,31.628809320636215,4698600,31.44101333618164,31.44101333618164,31.737534560343796,31.984634637866936,31.41136253342221,42.09581311210263,32.363961448669436,32.16599914312536,0.02348536811678059,0.06528167209603952,-0.04179630397925893,-1
2024-05-28,32.034053802490234,32.310804681936595,31.836372986979427,32.00440299982039,4978100,31.994516372680664,31.994516372680664,31.628809320636215,32.05382174751809,31.47066542485095,48.5418766009752,32.376614265441894,32.14966745070206,0.007834754074544037,0.05379228849174043,-0.04595753441719639,-1
2024-05-29,31.559621810913086,31.94509732378981,31.361940997260227,31.88579194855958,4699600,32.034053802490234,32.034053802490234,32.00440299982039,32.310804681936595,31.836372986979427,48.978803078357394,32.38259540557861,32.13865662706284,-0.0013624249660466603,0.042761345800183016,-0.04412377076622968,-1
2024-05-30,32.103240966796875,32.15266022720738,31.480549613594427,31.500318071848202,5344700,31.559621810913086,31.559621810913086,31.88579194855958,31.94509732378981,31.361940997260227,44.135991998546366,32.37771327972412,32.0835104540962,-0.04639909248871987,0.02492925814240244,-0.0713283506311223,-1
2024-05-31,33.091644287109375,33.14106355204536,32.01428772153267,32.123012366660774,11234900,32.103240966796875,32.103240966796875,31.500318071848202,32.15266022720738,31.480549613594427,50.210767839297255,32.36740390777588,32.08538955054388,-0.03778983560562921,0.012385439392796113,-0.05017527499842532,-1
2024-06-03,31.777070999145508,33.1311783478563,31.500318237806393,33.091641431140445,7403200,33.091644287109375,33.091644287109375,32.123012366660774,33.14106355204536,32.01428772153267,58.951031625616224,32.37352420806885,32.18122333497869,0.048232950588165124,0.019554941631869917,0.028678008956295208,0
2024-06-04,31.263099670410156,31.6090401415102,30.867739939963204,31.6090401415102,5407600,31.777070999145508,31.777070999145508,33.091641431140445,33.1311783478563,31.500318237806393,47.10677572852587,32.346086959838864,32.142732636327914,0.010213811949860485,0.01768671569546803,-0.007472903745607544,-1
2024-06-05,31.381710052490234,31.559622411116568,31.184029235077862,31.371825823097215,4661400,31.263099670410156,31.263099670410156,31.6090401415102,31.6090401415102,30.867739939963204,43.432513807206384,32.31465446472168,32.05895806814527,-0.060690221035677894,0.002011328349238844,-0.06270154938491673,-1
2024-06-06,31.381710052490234,31.4706662318034,31.03576956463058,31.25321884082899,8449300,31.381710052490234,31.381710052490234,31.371825823097215,31.559622411116568,31.184029235077862,44.508196223622456,32.288539810180666,31.994458257130507,-0.1060883905189769,-0.019608615424404303,-0.0864797750945726,-1
2024-06-07,31.272985458374023,31.480550505471335,31.154378475938984,31.352057408405383,6770500,31.381710052490234,31.381710052490234,31.25321884082899,31.4706662318034,31.03576956463058,44.50819622362245,32.27145866394043,31.936101285260005,-0.1404477724159321,-0.04377644682270986,-0.09667132559322222,-1
2024-06-10,32.06370544433594,32.21196700246136,31.272985932045838,31.381710571944737,11739400,31.272985458374023,31.272985458374023,31.352057408405383,31.480550505471335,31.154378475938984,43.62625512423033,32.247097129821775,31.872947396985147,-0.17444015864742468,-0.06990918918765282,-0.10453096945977186,-1
2024-06-11,31.866029739379883,31.915449004025323,31.38171189677884,31.74741897969297,7952700,32.06370544433594,32.06370544433594,31.381710571944737,32.21196700246136,31.272985932045838,51.199824013431424,32.23049839019775,31.891114830066172,-0.13600707024895087,-0.08312876539991243,-0.05287830484903844,-1
2024-06-12,31.866029739379883,32.221850707095996,31.589275070558624,32.04393833801384,6306800,31.866029739379883,31.866029739379883,31.74741897969297,31.915449004025323,31.38171189677884,49.41260924095227,32.21112449645996,31.888725773810336,-0.12011474018682833,-0.09052596035729561,-0.029588779829532716,-1
2024-06-13,31.263099670410156,31.90555946803944,30.927045313448172,31.90555946803944,4681300,31.866029739379883,31.866029739379883,32.04393833801384,32.221850707095996,31.589275070558624,49.412609240952264,32.18880489349365,31.88656424672172,-0.10629465549214956,-0.0936796993842664,-0.012614956107883157,-1
2024-06-14,30.7293643951416,31.243332985486887,30.571220503531343,31.184027612215118,5243300,31.263099670410156,31.263099670410156,31.90555946803944,31.90555946803944,30.927045313448172,43.98180287072161,32.14873157501221,31.827186668025377,-0.14235260426179863,-0.10341428035977285,-0.038938323902025784,-1
2024-06-17,31.65846061706543,31.757302910004224,30.571221787874343,30.6502937370014,5642100,30.7293643951416,30.7293643951416,31.184027612215118,31.243332985486887,30.571220503531343,39.81053402745092,32.0971981048584,31.72263216584597,-0.2115580549801095,-0.1250430352838402,-0.08651501969626929,-1
2024-06-18,31.76718521118164,32.1131275803284,31.63869211575868,31.66834668882425,5903500,31.65846061706543,31.65846061706543,30.6502937370014,31.757302910004224,30.571221787874343,48.89639633095077,32.05658763885498,31.71652058977163,-0.189251993765712,-0.13788482698021456,-0.05136716678549744,-1
2024-06-20,32.58755874633789,32.66662880885281,31.747416238123595,31.796835498501405,5775000,31.76718521118164,31.76718521118164,31.66834668882425,32.1131275803284,31.63869211575868,49.85043206274771,32.01933002471924,31.721345791810677,-0.16094583010681163,-0.14249702760553398,-0.018448802501277645,-1
2024-06-21,32.54802322387695,32.82477411020414,32.399761665945654,32.814891765884475,14462800,32.58755874633789,32.58755874633789,31.796835498501405,32.66662880885281,31.747416238123595,56.455997389008004,31.999658241271973,31.80384226367041,-0.07149159275353156,-0.1282959406351335,0.056804347881601935,0
2024-06-24,34.0108528137207,34.129459789257886,32.735815572740734,32.77535248806905,6892100,32.54802322387695,32.54802322387695,32.814891765884475,32.82477411020414,32.399761665945654,56.07268340777582,31.979981193542482,31.87471664083294,-0.003745475903791373,-0.10338584768886508,0.0996403717850737,0
2024-06-25,34.44574737548828,34.514935091696266,33.81317181561653,34.00097027713628,6346200,34.0108528137207,34.0108528137207,32.77535248806905,34.129459789257886,32.735815572740734,65.42633066023528,31.992702827453613,32.078158181107966,0.16606760829256473,-0.049495156492579115,0.21556276478514386,1
2024-06-26,34.070159912109375,34.44574931540585,33.8922475545698,34.43586697129719,5758100,34.44574737548828,34.44574737548828,34.00097027713628,34.514935091696266,33.81317181561653,67.63293542458204,32.03258205413818,32.30364286628704,0.3319119827948924,0.02678627136491519,0.30512571142997724,1
2024-06-27,34.02073669433594,34.35679294891363,33.86259279632573,34.20853516540602,5117600,34.070159912109375,34.070159912109375,34.43586697129719,34.44574931540585,33.8922475545698,63.84322778328549,32.07673229217529,32.471882584936786,0.4281031682146974,0.10704965073487163,0.3210535174798258,1
2024-06-28,34.76203918457031,34.89053228832737,34.228305850595206,34.346912839206546,10110700,34.02073669433594,34.02073669433594,34.20853516540602,34.35679294891363,33.86259279632573,63.34026947105567,32.12676746368408,32.619392500117655,0.4946453711204839,0.18456879481199412,0.3100765763084898,1
2024-07-01,34.534706115722656,35.028906279905314,34.297492148365876,34.939950099534514,4998800,34.76203918457031,34.76203918457031,34.346912839206546,34.89053228832737,34.228305850595206,67.47868738389788,32.19319965362549,32.82345408911315,0.6002778327762428,0.2677106024048439,0.3325672303713989,1
2024-07-02,34.28760528564453,34.890530076066206,34.15911596048263,34.69284926061596,4665300,34.534706115722656,34.534706115722656,34.939950099534514,35.028906279905314,34.297492148365876,65.05338003669144,32.25155040740967,32.98643047259977,0.6580627037064275,0.34578102266516064,0.31228168104126686,1
2024-07-03,34.070159912109375,34.53470549417563,33.97131761878297,34.287605416531555,2796600,34.28760528564453,34.28760528564453,34.69284926061596,34.890530076066206,34.15911596048263,62.426934272300144,32.29710391998291,33.11035188336594,0.6761247135320403,0.4118497608385366,0.2642749526935037,1
2024-07-05,33.82305908203125,34.23818539342331,33.546304437322,34.050390695952785,3822100,34.070159912109375,34.070159912109375,34.287605416531555,34.53470549417563,33.97131761878297,60.12642185825802,32.34105785369873,33.20176217181769,0.6652246662070525,0.4625247419122398,0.20269992429481265,1
2024-07-08,33.77363586425781,33.84282735288796,33.516653449644714,33.74398506230765,4252800,33.82305908203125,33.82305908203125,34.050390695952785,34.23818539342331,33.546304437322,57.5318275598821,32.36946521759033,33.260933306123746,0.629392088083442,0.49589821114648025,0.1334938769369618,1
2024-07-09,33.04222106933594,33.773635151965294,32.96314723853937,33.60560891719425,4475200,33.77363586425781,33.77363586425781,33.74398506230765,33.84282735288796,33.516653449644714,57.00199861610537,32.4033646774292,33.309762121184136,0.5902029785849123,0.5147591646341667,0.07544381395074562,1
2024-07-10,33.44746398925781,33.59572553218173,32.923613073035895,33.061988502192804,3274900,33.04222106933594,33.04222106933594,33.60560891719425,33.773635151965294,32.96314723853937,49.70645428193744,32.41026386260987,33.28428202100812,0.49442682107993363,0.5106926959233201,-0.016265874843386485,0
2024-07-11,34.10969543457031,34.18876927473856,33.31897588512898,33.447468990178265,6845900,33.44746398925781,33.44746398925781,33.061988502192804,33.59572553218173,32.923613073035895,53.274710238012275,32.4343013381958,33.29982316084142,0.44608109788797634,0.49777037631625143,-0.05168927842827509,0
2024-07-12,34.09980773925781,34.39632705246618,33.96143231112375,34.317256995152846,4748000,34.10969543457031,34.10969543457031,33.447468990178265,34.18876927473856,33.31897588512898,58.46123410415634,32.46412105560303,33.376953853577504,0.4559474289404264,0.48940578684108643,-0.03345835790066004,0
2024-07-15,35.295772552490234,35.78997268490969,34.09980913694262,34.208533769346545,8736500,34.09980773925781,34.09980773925781,34.317256995152846,34.39632705246618,33.96143231112375,58.3570772463455,32.50552593231201,33.445797080785155,0.4576927162763553,0.4830631727281402,-0.025370456451784873,0
2024-07-16,35.878929138183594,36.185334580024275,35.03879041472547,35.147515047973705,8267700,35.295772552490234,35.295772552490234,34.208533769346545,35.78997268490969,34.09980913694262,66.20097719330353,32.585185775756834,33.62198522094754,0.5492488357144865,0.4963003053254095,0.052948530389076987,1
2024-07-17,35.74055480957031,36.18533570005854,35.61206171444084,35.918467165765605,4747300,35.878929138183594,35.878929138183594,35.147515047973705,36.185334580024275,35.03879041472547,69.2431517992797,32.675723190307615,33.83693226068431,0.6612412058057728,0.5292884854214821,0.13195272038429073,1
2024-07-18,35.47368621826172,36.13591638091268,35.43414930129344,35.71090394962348,4572700,35.74055480957031,35.74055480957031,35.918467165765605,36.18533570005854,35.61206171444084,67.68634022849373,32.75953952789307,34.0182296462925,0.7304105954089266,0.5695129074189711,0.16089768798995552,1
2024-07-19,35.513221740722656,35.928348041244945,34.75215308598401,35.30565859046151,5022900,35.47368621826172,35.47368621826172,35.71090394962348,36.13591638091268,35.43414930129344,64.66662467426332,32.83643707275391,34.15684455790861,0.754990707097221,0.6066084673546212,0.1483822397425999,1
2024-07-22,35.24635314941406,35.54287247356538,35.088209258503504,35.38472858265482,3784200,35.513221740722656,35.513221740722656,35.30565859046151,35.928348041244945,34.75215308598401,64.91633965883847,32.91135780334473,34.286023337224236,0.7687985775097559,0.6390464893856481,0.12975208812410777,1
2024-07-23,35.236473083496094,35.414385443576734,34.86087990438719,35.19693616560084,3992100,35.24635314941406,35.24635314941406,35.38472858265482,35.54287247356538,35.088209258503504,61.744213827884145,32.98568546295166,34.37748331933755,0.7495668096942794,0.6611505534473744,0.08841625624690497,1
2024-07-24,34.49517059326172,35.384728565278856,34.44574756388763,35.30565850508629,4957100,35.236473083496094,35.236473083496094,35.19693616560084,35.414385443576734,34.86087990438719,61.62415491088716,33.04241970062256,34.45929186830503,0.7251689600255133,0.6739542347630022,0.05121472526251114,1
2024-07-25,35.16728591918945,35.42426834868126,34.40621720467221,34.58412956756965,7021800,34.49517059326172,34.49517059326172,35.30565850508629,35.384728565278856,34.44574756388763,53.256711189446285,33.093025817871094,34.46270888972948,0.6386545605224541,0.6668942999148926,-0.028239739392438512,0
2024-07-26,37.21327590942383,37.34176524442651,35.859164670671746,35.898701590879455,10250200,35.16728591918945,35.16728591918945,34.58412956756965,35.42426834868126,34.40621720467221,58.72845297491722,33.15569046020508,34.52981146396376,0.6172105463359685,0.6569575491991078,-0.03974700286313926,0
2024-07-29,38.02376174926758,38.142368732666824,36.936519128355755,37.341763111213865,13529800,37.21327590942383,37.21327590942383,35.898701590879455,37.34176524442651,35.859164670671746,70.1741748004312,33.254925918579104,34.78537950638853,0.7565888188144214,0.6768838031221706,0.07970501569225086,1
2024-07-30,37.79642868041992,38.22143733554124,37.460372431608185,38.063293440244415,9968900,38.02376174926758,38.02376174926758,37.341763111213865,38.142368732666824,36.936519128355755,73.32953950359065,33.36444068908691,35.0937968628532,0.9218203663128222,0.725871115760301,0.19594925055252121,1
2024-07-31,38.2708625793457,38.59703273268544,38.06329564127704,38.22143954571863,7336200,37.79642868041992,37.79642868041992,38.063293440244415,38.22143733554124,37.460372431608185,71.05875179023012,33.46762969970703,35.35119036928813,1.0226353753415296,0.7852239676765467,0.23741140766498292,1
2024-08-01,37.21327590942383,38.13248856678764,36.98594050345365,37.97434088595683,8541200,38.2708625793457,38.2708625793457,38.22143954571863,38.59703273268544,38.06329564127704,72.94193305973663,33.57160942077637,35.62925438929362,1.127814107966742,0.8537419957345858,0.27407211223215633,1
2024-08-02,35.3254280090332,37.233037099134684,34.9597171871615,37.0946616618634,8698300,37.21327590942383,37.21327590942383,37.97434088595683,38.13248856678764,36.98594050345365,63.08727467607822,33.66135620117188,35.780113581686976,1.1130006272894093,0.9055937220455506,0.20740690524385874,1
2024-08-05,34.10969543457031,35.1870519989492,33.85271299491996,34.643432544361296,8537300,35.3254280090332,35.3254280090332,37.0946616618634,37.233037099134684,34.9597171871615,50.08052232071439,33.715125198364255,35.73681019381519,0.9381133027698638,0.9120976381904133,0.02601566457945048,1
2024-08-06,34.02019500732422,34.55719988724285,33.71191737863698,33.99036266739514,7351300,34.10969543457031,34.10969543457031,34.643432544361296,35.1870519989492,33.85271299491996,43.815651580774905,33.76296379089356,35.58184688341092,0.6934210533712317,0.868362321226577,-0.17494126785534525,0
2024-08-07,34.05002975463867,35.293094448180014,33.930692812715385,34.726253457875366,7056000,34.02019500732422,34.02019500732422,33.99036266739514,34.55719988724285,33.71191737863698,43.38536455165554,33.81454742431641,35.433118133307424,0.4866687321148291,0.7920236034042274,-0.3053548712893983,0
2024-08-08,35.004703521728516,35.124036673504264,34.01025173868812,34.03014122957283,5944600,34.05002975463867,34.05002975463867,34.726253457875366,35.293094448180014,33.930692812715385,43.584253776883074,33.855657691955564,35.30139543057707,0.3215171926585185,0.6979223212550857,-0.37640512859656716,0
2024-08-09,34.875423431396484,35.05442505430533,34.67653231777195,34.80581211065777,6919200,35.004703521728516,35.004703521728516,34.03014122957283,35.124036673504264,34.01025173868812,49.676415419006055,33.91507068634033,35.27313905830577,0.26461725920380985,0.6112613088448305,-0.3466440496410207,0
2024-08-12,34.95498275756836,35.52181998770989,34.92514662356491,35.1538700854174,3971700,34.875423431396484,34.875423431396484,34.80581211065777,35.05442505430533,34.67653231777195,48.90622770295338,33.98138671875,35.23526137955251,0.2067090162802785,0.5303508503319202,-0.3236418340516417,0
2024-08-13,34.626808166503906,34.84558875617795,34.308583923450136,34.72625181988363,4209800,34.95498275756836,34.95498275756836,35.1538700854174,35.52181998770989,34.92514662356491,49.42588705118115,34.03842155456543,35.20856817745878,0.16533026489486957,0.4573467332445101,-0.2920164683496405,0
2024-08-14,34.55719757080078,34.935090289879156,34.42791778388644,34.716309695644476,4057900,34.626808166503906,34.626808166503906,34.72625181988363,34.84558875617795,34.308583923450136,47.289339494312074,34.06912483215332,35.15316246212974,0.10484773999353081,0.38684693459431424,-0.28199919460078343,0
2024-08-15,34.88536834716797,35.16381361634358,34.58702979472864,34.78592089851077,6022800,34.55719757080078,34.55719757080078,34.716309695644476,34.935090289879156,34.42791778388644,46.82694885492382,34.12472736358642,35.09640390105079,0.05071331837662996,0.31962021135077745,-0.2689068929741475,0
2024-08-16,34.74614334106445,34.94503445298638,34.44780856994779,34.8257013032462,4875000,34.88536834716797,34.88536834716797,34.78592089851077,35.16381361634358,34.58702979472864,49.34175858711438,34.19717273712158,35.07630527687147,0.03390124578440634,0.26247641823750323,-0.2285751724530969,0
2024-08-19,34.96492385864258,35.29309476154686,34.64669959775308,34.795868879715464,4639800,34.74614334106445,34.74614334106445,34.8257013032462,34.94503445298638,34.44780856994779,48.29813017704748,34.26446140289307,35.04486128298509,0.009236786761903204,0.21182849194238323,-0.20259170518048003,0
2024-08-20,34.02019500732422,34.98481446271148,34.00030551619398,34.87542415826148,5306700,34.96492385864258,34.96492385864258,34.795868879715464,35.29309476154686,34.64669959775308,50.084783579172566,34.336125679016114,35.03724819495247,0.007260094778857251,0.17091481250967805,-0.1636547177308208,0
2024-08-21,34.25886535644531,34.48758881580718,34.06991708610057,34.38814515296552,5082800,34.02019500732422,34.02019500732422,34.87542415826148,34.98481446271148,34.00030551619398,43.15047920737604,34.391069869995114,34.94038598660692,-0.06973431693443644,0.12278498662085514,-0.19251930355529157,0
2024-08-22,34.42791748046875,34.567140114288456,34.129582723207626,34.298641488226025,5329800,34.25886535644531,34.25886535644531,34.38814515296552,34.48758881580718,34.06991708610057,45.214154848025274,34.434973068237305,34.87547925992486,-0.11022365077496943,0.07618325914169023,-0.18640690991665965,0
2024-08-23,35.024593353271484,35.17375884605887,34.606921627695236,34.78592325386612,3101100,34.42791748046875,34.42791748046875,34.298641488226025,34.567140114288456,34.129582723207626,46.69029553634117,34.48621082305908,34.83285432854809,-0.1272043138245209,0.03550574454844801,-0.16271005837296892,0
2024-08-26,35.23342514038086,35.631207350279226,34.95497986957138,35.44225909348797,3191200,35.024593353271484,35.024593353271484,34.78592325386612,35.17375884605887,34.606921627695236,51.64278122404616,34.54938209533692,34.851115188045554,-0.09146055497794237,0.010112484643169935,-0.1015730396211123,0
2024-08-27,35.20359420776367,35.263258886157736,34.90525564166355,35.104146754552815,3608300,35.23342514038086,35.23342514038086,35.44225909348797,35.631207350279226,34.95497986957138,53.27874711987484,34.62878860473633,34.887525659696536,-0.045754954004202375,-0.0010610030863045256,-0.04469395091789785,0
2024-08-28,34.76603317260742,34.97486713508416,34.537309719390166,34.62681053095626,3496500,35.20359420776367,35.20359420776367,35.104146754552815,35.263258886157736,34.90525564166355,53.00290061992209,34.71827320098877,34.91762742617912,-0.011803974031231235,-0.0032095972752898675,-0.008594376755941368,0
2024-08-29,35.064369201660156,35.53176276695993,34.41797780035404,35.10414818456495,4783200,34.76603317260742,34.76603317260742,34.62681053095626,34.97486713508416,34.537309719390166,48.995812171939654,34.78042465209961,34.90318987821991,-0.019974838976189346,-0.006562645615469764,-0.013412193360719582,0
2024-08-30,34.9748649597168,35.04448006974493,34.517418081734576,34.9052536432209,6170900,35.064369201660156,35.064369201660156,35.10414818456495,35.53176276695993,34.41797780035404,51.678215051837896,34.84636833190918,34.91854028997613,-0.0023499947895331275,-0.005720115450282438,0.00337012066074931,1
2024-09-03,33.80141830444336,34.36825552617743,33.542858712422436,34.36825552617743,4791700,34.9748649597168,34.9748649597168,34.9052536432209,35.04448006974493,34.517418081734576,50.81477776762772,34.89411445617676,34.923904544237146,0.004345484857402937,-0.0037069953887453625,0.0080524802461483,1
2024-09-04,33.871028900146484,34.51742027926507,33.79147093706775,34.11964184446882,5825500,33.80141830444336,33.80141830444336,34.36825552617743,34.36825552617743,33.542858712422436,41.11561043697273,34.91918235778809,34.817001092828214,-0.08406657036817933,-0.019778910384632156,-0.06428765998354717,-1
2024-09-05,33.92074966430664,34.26880625800685,33.75169089484343,34.24891676786221,4806100,33.871028900146484,33.871028900146484,34.11964184446882,34.51742027926507,33.79147093706775,41.82498822123209,34.9163858795166,34.726908503049,-0.14682426901739376,-0.04518798211118448,-0.10163628690620928,-1
2024-09-06,33.75168991088867,34.39808504438184,33.393690479319,33.98041335058551,8507800,33.92074966430664,33.92074966430664,34.24891676786221,34.26880625800685,33.75169089484343,42.35912818774461,34.90588592529297,34.65013147078783,-0.1903538663278681,-0.07422115895452121,-0.1161327073733469,-1
2024-09-09,33.50307846069336,34.030140473598266,33.463303273340046,33.87102834358775,6310000,33.75168991088867,33.75168991088867,33.98041335058551,34.39808504438184,33.393690479319,40.98131110997436,34.89951652526855,34.56456560794029,-0.23577522499104475,-0.10653197216182592,-0.12924325282921884,-1
2024-09-10,32.9859619140625,33.532913397915365,32.727406134585735,33.393690763310005,5434300,33.50307846069336,33.50307846069336,33.87102834358775,34.030140473598266,33.463303273340046,38.973690429959696,34.8891633605957,34.46347159391677,-0.2885071148425524,-0.14292700069797123,-0.1455801141445812,-1
2024-09-11,32.74729537963867,33.12518809469558,32.0710679078662,33.12518809469558,14656100,32.9859619140625,32.9859619140625,33.393690763310005,33.532913397915365,32.727406134585735,35.11979621032581,34.85364181518555,34.3227563863116,-0.3677849055988389,-0.18789858167814477,-0.17988632392069415,-1
2024-09-12,33.10530090332031,33.56274781494284,32.67768633138066,33.035689581705256,11432800,32.74729537963867,32.74729537963867,33.12518809469558,33.12518809469558,32.0710679078662,33.47455042210861,34.81789360046387,34.172712480914186,-0.4447447796713462,-0.23926782127678506,-0.20547695839456112,-1
2024-09-13,33.214691162109375,33.73180275240083,32.956131573431136,33.145079840588124,7288600,33.10530090332031,33.10530090332031,33.035689581705256,33.56274781494284,32.67768633138066,38.15478667474742,34.794247512817385,34.07105423542906,-0.47141381553507244,-0.28569702012844256,-0.1857167954066299,-1
2024-09-16,33.79146957397461,33.88097038206163,33.463302473343745,33.59257846783319,5487500,33.214691162109375,33.214691162109375,33.145079840588124,33.73180275240083,32.956131573431136,39.55411713865645,34.77713813781738,33.989495847493856,-0.47820983363846636,-0.3241995828304473,-0.15401025080801906,-1
2024-09-17,34.53730773925781,34.5770867184582,33.701968143711035,33.771579460545574,5497100,33.79146957397461,33.79146957397461,33.59257846783319,33.88097038206163,33.463302473343745,46.4359291283977,34.77650634765625,33.97063620239679,-0.43207385105058194,-0.34577443647447426,-0.08629941457610768,-1
2024-09-18,34.47764205932617,35.024593583743275,34.229029109512055,34.50747819290601,4930000,34.53730773925781,34.53730773925781,33.771579460545574,34.5770867184582,33.701968143711035,53.76614077158795,34.79177978515625,34.02460492019308,-0.3315064457975936,-0.34292083833909814,0.011414392541504559,0
2024-09-19,36.158267974853516,36.84443834966152,35.20359515941649,35.392539635326145,13646400,34.47764205932617,34.47764205932617,34.50747819290601,35.024593583743275,34.229029109512055,53.13963342666844,34.82048820495606,34.06775131439623,-0.2536961233198767,-0.3250758953352539,0.07137977201537721,0
2024-09-20,35.84004211425781,36.24776718153878,35.57153968553147,36.20798820094249,12710300,36.158267974853516,36.158267974853516,35.392539635326145,36.84443834966152,35.20359515941649,65.37752410046373,34.87470428466797,34.266848139201684,-0.05577547144119421,-0.27121581055644195,0.21544033911524774,0
2024-09-23,36.24776840209961,36.43671287599566,35.70082067784682,35.9394869823963,6891000,35.84004211425781,35.84004211425781,36.20798820094249,36.24776718153878,35.57153968553147,62.07196101094529,34.90931121826172,34.41667613682608,0.0745406455266675,-0.20206451933982006,0.27660516486648756,0
2024-09-24,36.13837814331055,36.933938815348554,35.87982234747289,36.81460566292598,6221700,36.24776840209961,36.24776840209961,35.9394869823963,36.43671287599566,35.70082067784682,64.54543351704903,34.952270431518556,34.591065876375936,0.20831587528059003,-0.11998844041573804,0.32830431569632806,0
2024-09-25,35.8499870300293,36.4566032417415,35.51187326252738,36.30743395266936,7287900,36.13837814331055,36.13837814331055,36.81460566292598,36.933938815348554,35.87982234747289,63.35172103222085,34.96912254333496,34.738428949417326,0.30202526968262333,-0.03558569839606577,0.3376109680786891,0
2024-09-26,34.57708740234375,35.45220599439951,34.00030357312699,35.02459144336842,14136700,35.8499870300293,35.8499870300293,36.30743395266936,36.4566032417415,35.51187326252738,60.19122462774072,34.968543701171875,34.84429162376132,0.34899686857137624,0.04133081499742263,0.3076660535739536,0
2024-09-27,35.97926330566406,36.04887462214148,34.7163091740231,34.7163091740231,9948100,34.57708740234375,34.57708740234375,35.02459144336842,35.45220599439951,34.00030357312699,48.65376261382615,34.945274353027344,34.81884360267393,0.2802789558788632,0.08912044317371075,0.19115851270515244,0
2024-09-30,35.949432373046875,36.28754612066412,35.64115096407656,35.77043075410055,5942900,35.97926330566406,35.97926330566406,34.7163091740231,36.04887462214148,34.7163091740231,58.1663005187408,34.95538589477539,34.92935976486346,0.33510056123217424,0.13831646678540344,0.1967840944467708,0
2024-10-01,36.54610061645508,36.824545883412036,35.56159174702088,35.67098204290603,7050000,35.949432373046875,35.949432373046875,35.77043075410055,36.28754612066412,35.64115096407656,57.92045135881658,34.964110107421874,35.026509537071405,0.37185347608673425,0.1850238686456696,0.18682960744106464,1
2024-10-02,37.01349639892578,37.480886155082636,36.62566081238888,37.10299721070603,4484100,36.54610061645508,36.54610061645508,35.67098204290603,36.824545883412036,35.56159174702088,61.4318257885094,34.990105056762694,35.17123249701271,0.4440083151069203,0.23682075793791976,0.20718755716900053,1
2024-10-03,37.3416633605957,37.76927792696245,36.784772794932934,37.0831075684712,5916300,37.01349639892578,37.01349639892578,37.10299721070603,37.480886155082636,36.62566081238888,63.96828319373223,35.02564552307129,35.346686201956814,0.532765093965331,0.296009625143402,0.236755468821929,1
2024-10-04,37.71955490112305,37.81899855797228,37.27205085823682,37.679775920970414,4582800,37.3416633605957,37.3416633605957,37.0831075684712,37.76927792696245,36.784772794932934,65.6751584580891,35.08257537841797,35.536684026589086,0.6224110447828792,0.3612899090712975,0.26112113571158174,1
2024-10-07,37.7493896484375,38.0875034142468,37.570388019860076,37.78916863112862,4553400,37.71955490112305,37.71955490112305,37.679775920970414,37.81899855797228,37.27205085823682,67.57970168046496,35.133620758056644,35.74457649083042,0.7156986670918855,0.4321716606754151,0.28352700641647033,1
2024-10-08,37.25216293334961,37.460996897626785,36.7350475502353,37.39138557620106,5199300,37.7493896484375,37.7493896484375,37.78916863112862,38.0875034142468,37.570388019860076,67.73192989768354,35.144343032836915,35.93551107726918,0.7830111297454891,0.50233955448943,0.2806715752560591,1
2024-10-09,37.38144302368164,37.63999882052106,36.90410661860942,37.07316160240201,3345800,37.25216293334961,37.25216293334961,37.39138557620106,37.460996897626785,36.7350475502353,62.467525634892766,35.128911056518554,36.06090649213398,0.7871608012221145,0.559303803835967,0.2278569973861475,1
2024-10-10,37.40133285522461,37.82894743328183,37.202441736250826,37.54055550044649,3149500,37.38144302368164,37.38144302368164,37.07316160240201,37.63999882052106,36.90410661860942,63.266945076392986,35.120611343383786,36.1866718760909,0.7917544165511288,0.6057939263789994,0.18596049017212934,1
2024-10-11,37.4908332824707,37.63005592625688,37.291942165547944,37.401332469532086,4836000,37.40133285522461,37.40133285522461,37.54055550044649,37.82894743328183,37.202441736250826,63.39612016602144,35.103220748901364,36.30235387410364,0.7879172137946426,0.6422185838621282,0.14569862993251448,1
2024-10-14,37.4311637878418,37.490832259350036,37.08310718787479,37.192497488873684,2987800,37.4908332824707,37.4908332824707,37.401332469532086,37.63005592625688,37.291942165547944,64.00944278420556,35.108771896362306,36.415542389186214,0.7830713800330429,0.6703891430963111,0.11268223693673174,1
2024-10-15,36.11848831176758,36.705215013150884,36.078709330157615,36.34721176572616,5208700,37.4311637878418,37.4311637878418,37.192497488873684,37.490832259350036,37.08310718787479,63.248548437628074,35.150886611938475,36.51226823667722,0.7655909365738367,0.6894295017918163,0.07616143478202042,1
2024-10-16,36.53615951538086,36.70521449453588,36.148320140462275,36.148320140462275,3188400,36.11848831176758,36.11848831176758,36.34721176572616,36.705215013150884,36.078709330157615,49.350306676515906,35.191062469482425,36.47476538668583,0.6384558966090097,0.679234780755255,-0.04077888414624531,0
2024-10-17,36.67538070678711,36.79471385168462,36.28754514072101,36.69527019652541,4010100,36.53615951538086,36.53615951538086,36.148320140462275,36.70521449453588,36.148320140462275,52.89697019549636,35.24138175964355,36.48061244656155,0.5648913214648701,0.6563660888971781,-0.09147476743230798,0
2024-10-18,36.19804382324219,36.73504486447494,35.790318773187046,36.52621091546597,6345600,36.67538070678711,36.67538070678711,36.69527019652541,36.79471385168462,36.28754514072101,54.051927580386725,35.29388877868652,36.499161804678266,0.5119237143676614,0.6274776139912748,-0.1155538996236134,0
2024-10-21,36.24776840209961,36.70521531376322,36.07870962563892,36.38699104534223,5129200,36.19804382324219,36.19804382324219,36.52621091546597,36.73504486447494,35.790318773187046,49.56454998610229,35.3177555847168,36.470483901684354,0.42651283246321015,0.5872846576856618,-0.1607718252224517,0
2024-10-22,35.780372619628906,36.44665724818985,35.72070415044169,36.347209799544494,6439200,36.24776840209961,36.24776840209961,36.38699104534223,36.70521531376322,36.07870962563892,50.02994535450297,35.34520248413086,36.4492729017239,0.35870156281771415,0.5415680387120724,-0.18286647589435823,0
2024-10-23,36.794715881347656,37.29194177163614,35.88976491276392,36.108545518421245,8646600,35.780372619628906,35.780372619628906,36.347209799544494,36.44665724818985,35.72070415044169,45.75596758071739,35.36171028137207,36.385568112952946,0.2642001744616991,0.4860944658619978,-0.2218942914002987,0
2024-10-24,36.57593536376953,36.98366044304664,36.13837794493367,36.89415963083788,8790700,36.794715881347656,36.794715881347656,36.108545518421245,37.29194177163614,35.88976491276392,54.78375920754011,35.405068435668944,36.42453456708577,0.26806606857102366,0.442488786403803,-0.17442271783277935,0
2024-10-25,37.311832427978516,37.53061304046987,36.81460652215822,37.43116558318626,5667200,36.57593536376953,36.57593536376953,36.89415963083788,36.98366044304664,36.13837794493367,52.74475908058598,35.44544319152832,36.43895369057946,0.25058744211402484,0.4041085175458474,-0.15352107543182258,0
2024-10-28,37.19249725341797,37.4609958896742,36.29748915412254,36.426768944805744,8516100,37.311832427978516,37.311832427978516,37.43116558318626,37.53061304046987,36.81460652215822,58.35887055538361,35.49397247314453,36.522084998903175,0.29274170352064033,0.38183515474080604,-0.08909345122016571,0
2024-10-29,36.88421630859375,37.262109043460214,36.35715808431621,37.17260823240059,6206000,37.19249725341797,37.19249725341797,36.426768944805744,37.4609958896742,36.29748915412254,57.17267672327382,35.5428995513916,36.585933785047445,0.31291284364896654,0.36805069252243816,-0.05513784887347162,0
2024-10-30,37.28199768066406,37.41127367648791,36.96376963143363,36.96376963143363,6525500,36.88421630859375,36.88421630859375,37.17260823240059,37.262109043460214,36.35715808431621,54.11274830570138,35.58128540039063,36.614341644432805,0.30055827300969185,0.3545522086198889,-0.05399393561019705,0
2024-10-31,37.86872482299805,38.02783695277819,37.31183047200135,37.43116362095335,8904500,37.28199768066406,37.28199768066406,36.96376963143363,37.41127367648791,36.96376963143363,57.289204327740315,35.646521453857424,36.67792793359769,0.3191854479388283,0.3474788564836768,-0.02829340854484852,0
2024-11-01,37.63999938964844,38.07756061273009,37.331721757240096,37.918448475300195,7921200,37.86872482299805,37.86872482299805,37.43116362095335,38.02783695277819,37.31183047200135,61.52035312670249,35.718718643188474,36.791337161159625,0.3769463918109395,0.3533723635491294,0.023574028261810098,1
2024-11-04,38.16999816894531,38.36000061035156,37.75,37.83000183105469,5398200,37.63999938964844,37.63999938964844,37.918448475300195,38.07756061273009,37.331721757240096,59.0639149971139,35.78296028137207,36.872162135301416,0.39965910367360635,0.3626297115740248,0.03702939209958156,1
2024-11-05,38.58000183105469,38.97999954223633,38.2599983215332,38.31999969482422,5592900,38.16999816894531,38.16999816894531,37.83000183105469,38.36000061035156,37.75,62.77318140884842,35.84586837768555,36.99576556707703,0.4551785485962583,0.3811394789784715,0.07403906961778678,1
2024-11-06,42.7400016784668,43.22999954223633,40.13999938964844,40.7400016784668,13754000,38.58000183105469,38.58000183105469,38.31999969482422,38.97999954223633,38.2599983215332,65.3861219668696,35.91279991149902,37.14664521126538,0.5261963141187849,0.4101508460065342,0.1160454681122507,1
2024-11-07,43.099998474121094,43.189998626708984,41.83000183105469,42.7599983215332,11973200,42.7400016784668,42.7400016784668,40.7400016784668,43.22999954223633,40.13999938964844,80.41031827285487,36.063528060913086,37.67934582718932,0.9076923140896085,0.5096591396231491,0.39803317446645936,1
2024-11-08,43.02000045776367,43.66999816894531,42.5099983215332,43.040000915527344,7007600,43.099998474121094,43.099998474121094,42.7599983215332,43.189998626708984,41.83000183105469,81.17193535291598,36.23020736694336,38.19559846023044,1.224958812704827,0.6527190742394847,0.5722397384653423,1
2024-11-11,44.11000061035156,44.31999969482422,42.95000076293945,43.13999938964844,5351000,43.02000045776367,43.02000045776367,43.040000915527344,43.66999816894531,42.5099983215332,80.42366519882972,36.38931999206543,38.65506531713837,1.4531881785462915,0.8128128951008462,0.6403752834454453,1
2024-11-12,43.66999816894531,44.5,43.47999954223633,44.0,7212800,44.11000061035156,44.11000061035156,43.13999938964844,44.31999969482422,42.95000076293945,82.75614981046927,36.572022705078126,39.17458296411105,1.7023913898416723,0.9907285940490114,0.7116627957926609,1
2024-11-13,43.06999969482422,43.849998474121094,42.90999984741211,43.7599983215332,7168200,43.66999816894531,43.66999816894531,44.0,44.5,43.47999954223633,78.68075995375268,36.76939430236816,39.60271774552384,1.8431356895211266,1.1612100131434344,0.6819256763776922,1
2024-11-14,43.18000030517578,43.29999923706055,42.59000015258789,43.2400016784668,7369200,43.06999969482422,43.06999969482422,43.7599983215332,43.849998474121094,42.90999984741211,73.37444008143405,36.953373718261716,39.93293507402864,1.8845379185193494,1.3058755942186173,0.5786623243007321,1
2024-11-15,42.939998626708984,43.720001220703125,42.650001525878906,43.20000076293945,4724400,43.18000030517578,43.18000030517578,43.2400016784668,43.29999923706055,42.59000015258789,73.724311620401,37.1385587310791,40.24217938175694,1.9042743241896574,1.4255553402128254,0.478718983976832,1
2024-11-18,43.06999969482422,43.790000915527344,42.95000076293945,43.540000915527344,4437300,42.939998626708984,42.939998626708984,43.20000076293945,43.720001220703125,42.650001525878906,71.51621410432615,37.322324905395504,40.49911454794285,1.8788907551455125,1.5162224231993628,0.36266833194614967,1
2024-11-19,42.869998931884766,43.150001525878906,42.61000061035156,42.61000061035156,3552300,43.06999969482422,43.06999969482422,43.540000915527344,43.790000915527344,42.95000076293945,72.00531718605272,37.513663330078124,40.743960752407745,1.847961938619882,1.5825703262834667,0.2653916123364153,1
2024-11-20,44.310001373291016,44.369998931884766,42.779998779296875,43.0099983215332,8106100,42.869998931884766,42.869998931884766,42.61000061035156,43.150001525878906,42.61000061035156,70.01348031057636,37.71134407043457,40.9464405790246,1.7867160877328914,1.6233994785733517,0.16331660915953972,1
2024-11-21,44.880001068115234,45.16999816894531,44.150001525878906,44.540000915527344,6019100,44.310001373291016,44.310001373291016,43.0099983215332,44.369998931884766,42.779998779296875,75.30935695684633,37.94259819030762,41.26677970228807,1.8332419994551756,1.6653679827497165,0.1678740167054591,1
2024-11-22,44.25,44.91999816894531,44.11000061035156,44.599998474121094,7641700,44.880001068115234,44.880001068115234,44.540000915527344,45.16999816894531,44.150001525878906,77.03804540313274,38.17809219360352,41.610896022843036,1.8942723390018656,1.7111488540001465,0.18312348500171916,1
2024-11-25,43.54999923706055,44.63999938964844,43.220001220703125,44.290000915527344,12214300,44.25,44.25,44.599998474121094,44.91999816894531,44.11000061035156,71.11182878389161,38.39879837036133,41.86223925876275,1.8702444874693924,1.7429679806939957,0.1272765067753967,1
2024-11-26,43.529998779296875,43.93000030517578,43.04999923706055,43.75,4985700,43.54999923706055,43.54999923706055,44.290000915527344,44.63999938964844,43.220001220703125,65.1178622689717,38.59396896362305,42.022978304314925,1.7742654034705012,1.7492274652492967,0.02503793822120448,1
2024-11-27,43.61000061035156,43.91999816894531,43.34000015258789,43.5,3149200,43.529998779296875,43.529998779296875,43.75,43.93000030517578,43.04999923706055,64.94941119315503,38.77382278442383,42.16650406383702,1.6772530885674826,1.734832589912934,-0.05757950134545142,0
2024-11-29,43.95000076293945,44.060001373291016,43.689998626708984,43.79999923706055,2275700,43.61000061035156,43.61000061035156,43.5,43.91999816894531,43.34000015258789,65.33569000657575,38.956469955444334,42.303979925409834,1.588514206279541,1.7055689131862555,-0.11705470690671449,0
2024-12-02,43.689998626708984,44.220001220703125,43.08000183105469,43.900001525878906,3992200,43.95000076293945,43.95000076293945,43.79999923706055,44.060001373291016,43.689998626708984,67.00017934797556,39.112304611206056,42.46074381469837,1.528009234251499,1.6700569773993044,-0.14204774314780533,0
2024-12-03,43.66999816894531,44.22999954223633,43.2599983215332,44.22999954223633,3583600,43.689998626708984,43.689998626708984,43.900001525878906,44.220001220703125,43.08000183105469,64.45150691130122,39.269303741455076,42.57781570155652,1.4424509320886258,1.6245357683371688,-0.182084836248543,0
2024-12-04,42.560001373291016,43.75,42.220001220703125,43.66999816894531,5837900,43.66999816894531,43.66999816894531,44.22999954223633,44.22999954223633,43.2599983215332,64.24904076907772,39.417748336791995,42.68183307940307,1.3573844088962375,1.5711054964489826,-0.2137210875527451,0
2024-12-05,42.5099983215332,42.88999938964844,42.18000030517578,42.61000061035156,5541900,42.560001373291016,42.560001373291016,43.66999816894531,43.75,42.220001220703125,54.09295201359129,39.5461808013916,42.670230059773345,1.1867213268682804,1.4942286625328423,-0.3075073356645619,0
2024-12-06,41.310001373291016,42.459999084472656,41.279998779296875,42.36000061035156,7458100,42.5099983215332,42.5099983215332,42.61000061035156,42.88999938964844,42.18000030517578,53.68128862826589,39.67938102722168,42.65496989422666,1.035498197767474,1.4024825695797687,-0.3669843718122947,0
2024-12-09,41.43000030517578,42.099998474121094,41.31999969482422,41.459999084472656,7336800,41.310001373291016,41.310001373291016,42.36000061035156,42.459999084472656,41.279998779296875,44.85835153933445,39.81403930664062,42.52687765413755,0.8094917366718377,1.2838844029981826,-0.4743926663263449,0
2024-12-10,41.209999084472656,41.65999984741211,40.349998474121094,40.88999938964844,7366500,41.43000030517578,41.43000030517578,41.459999084472656,42.099998474121094,41.31999969482422,45.81738147096621,39.92305404663086,42.42241314471262,0.6327687348051256,1.1536612693595714,-0.5208925345544457,0
2024-12-11,42.459999084472656,42.810001373291016,41.04999923706055,41.61000061035156,7589000,41.209999084472656,41.209999084472656,40.88999938964844,41.65999984741211,40.349998474121094,44.29630072470144,40.028265380859374,42.30694513897548,0.46954954781864444,1.016838925051386,-0.5472893772327416,0
2024-12-12,42.33000183105469,42.7599983215332,42.08000183105469,42.29999923706055,5817700,42.459999084472656,42.459999084472656,41.61000061035156,42.810001373291016,41.04999923706055,53.7013295248312,40.14654335021973,42.32152170521331,0.4360353751332937,0.9006782150677677,-0.464642839934474,0
2024-12-13,42.150001525878906,42.720001220703125,42.02000045776367,42.4900016784668,4937600,42.33000183105469,42.33000183105469,42.29999923706055,42.7599983215332,42.08000183105469,52.704698792846294,40.252873458862304,42.322329336245815,0.3944386170572116,0.7994302954656566,-0.40499167840844497,0
2024-12-16,41.79999923706055,42.130001068115234,41.619998931884766,41.90999984741211,4290000,42.150001525878906,42.150001525878906,42.4900016784668,42.720001220703125,42.02000045776367,51.2854225819645,40.34904022216797,42.30591716382992,0.34299453875500063,0.7081431441235254,-0.3651486053685248,0
2024-12-17,41.40999984741211,41.75,40.91999816894531,41.45000076293945,7536300,41.79999923706055,41.79999923706055,41.90999984741211,42.130001068115234,41.619998931884766,48.547824503085465,40.43064910888672,42.257734504137595,0.2708601690255463,0.6206865491039296,-0.3498263800783833,0
2024-12-18,40.040000915527344,41.83000183105469,40.0099983215332,41.470001220703125,6670700,41.40999984741211,41.40999984741211,41.45000076293945,41.75,40.91999816894531,45.62529337593797,40.50386131286621,42.17699787016374,0.18014684919119617,0.5325786091213829,-0.3524317599301867,0
2024-12-19,39.79999923706055,41.02000045776367,39.599998474121094,40.970001220703125,5970700,40.040000915527344,40.040000915527344,41.470001220703125,41.83000183105469,40.0099983215332,37.16215809137589,40.559618072509764,41.97347435067456,-0.002265459766036315,0.4256097953438991,-0.4278752551099354,0
2024-12-20,40.31999969482422,40.459999084472656,39.31999969482422,39.380001068115234,17974900,39.79999923706055,39.79999923706055,40.970001220703125,41.02000045776367,39.599998474121094,35.90564482706711,40.607989196777346,41.76647672080655,-0.16430070227670512,0.3076276958197783,-0.4719283980964834,0
2024-12-23,40.150001525878906,40.2599983215332,39.68000030517578,40.0099983215332,4094300,40.31999969482422,40.31999969482422,39.380001068115234,40.459999084472656,39.31999969482422,40.592500243254186,40.666362533569334,41.62871700404633,-0.2478975001796826,0.1965226566198861,-0.4444201567995687,0
2024-12-24,40.790000915527344,40.900001525878906,39.88999938964844,40.189998626708984,2122000,40.150001525878906,40.150001525878906,40.0099983215332,40.2599983215332,39.68000030517578,39.573689498457504,40.7195458984375,41.48788695850657,-0.32412963166990494,0.09239219896192791,-0.41652183063183285,0
2024-12-26,40.880001068115234,40.900001525878906,40.27000045776367,40.790000915527344,2289600,40.790000915527344,40.790000915527344,40.189998626708984,40.900001525878906,39.88999938964844,45.15463340978221,40.78672264099121,41.42142162107997,-0.32910779327382045,0.008092200514778242,-0.33719999378859866,0
2024-12-27,40.79999923706055,41.119998931884766,40.52000045776367,40.709999084472656,3282500,40.880001068115234,40.880001068115234,40.790000915527344,40.900001525878906,40.27000045776367,45.9111830544988,40.881952896118165,41.369857758892856,-0.32207804682231256,-0.05794184895263992,-0.26413619786967263,0
2024-12-30,40.939998626708984,41.0099983215332,40.290000915527344,40.7400016784668,4607600,40.79999923706055,40.79999923706055,40.709999084472656,41.119998931884766,40.52000045776367,45.312826563668104,40.96722969055176,41.31558551871835,-0.31928191807039497,-0.11020986277619094,-0.20907205529420403,0
